model_name,threshold,row_count,positive_class_rate,predicted_positive_rate,accuracy,precision,recall,f1,true_negative,false_positive,false_negative,true_positive,roc_auc,pr_auc,log_loss
ao1_xgboost_classifier,0.5,27643,0.5701624281011468,0.37452519625221575,0.7212314148247296,0.8890176760359316,0.5839730981536705,0.7049092440836333,10733,1149,6557,9204,0.7752787090098937,0.8489117912727454,0.5132764633696615
ao1_logistic_regression_baseline,0.5,27643,0.5701624281011468,0.3879824910465579,0.6855623485149948,0.8295571095571096,0.5644946386650593,0.671826625386997,10054,1828,6864,8897,0.7425530885785165,0.8306652164503137,0.572337054661078
