cluster_id,row_count,row_share,mean_predicted_late_delivery_risk,median_predicted_late_delivery_risk,mean_expected_profit,median_expected_profit,mean_predicted_margin,median_predicted_margin,dominant_ao3_priority_segment,dominant_ao3_segment_share,ao3_quadrant_distribution,suggested_interpretation_label
0,21080,0.6115995009719442,0.32132917642593384,0.3318842947483063,21.85580825805664,19.46796226501465,0.11722892026311578,0.11862684070638801,preserve_service,0.9577324478178368,"{""expedite_selectively"": 0.000237, ""preserve_service"": 0.957732, ""protect_high_value_at_risk"": 0.039184, ""standard_process"": 0.002846}",low risk / high margin
1,12729,0.3693097745669771,0.8610050082206726,0.7673832178115845,21.70652198791504,19.226608276367188,0.1181373897851258,0.11877956343065875,protect_high_value_at_risk,0.9963076439626051,"{""expedite_selectively"": 0.003692, ""protect_high_value_at_risk"": 0.996308}",high risk / high margin
2,658,0.019090724461078713,0.5134432911872864,0.33433979749679565,5.009769439697266,5.052624702453613,0.4762142364837018,0.48851625157799555,preserve_service,0.6291793313069909,"{""preserve_service"": 0.629179, ""protect_high_value_at_risk"": 0.370821}",high risk / high margin
