priority_signal,single_signal_group,ao3_priority_segment,row_count,share_of_single_signal_group,avg_ao1_predicted_late_delivery_probability,avg_ao2_predicted_order_profit,avg_ao3_predicted_margin
margin_only,high_margin,preserve_service,20603,0.599708921554359,0.31855199708932536,21.602960398379558,0.12551371875167308
margin_only,high_margin,protect_high_value_at_risk,13752,0.4002910784456411,0.8324602947089823,21.61366738959954,0.12554767718238763
margin_only,low_margin,expedite_selectively,52,0.4642857142857143,0.8112713201687887,-14.641808715577309,-0.12700143337418418
margin_only,low_margin,standard_process,60,0.5357142857142857,0.2981830401346087,-20.6062355131687,-0.2930214698307763
risk_only,high_risk,expedite_selectively,52,0.0037670240509997104,0.8112713201687887,-14.641808715577309,-0.12700143337418418
risk_only,high_risk,protect_high_value_at_risk,13752,0.9962329759490003,0.8324602947089823,21.61366738959954,0.12554767718238763
risk_only,low_risk,preserve_service,20603,0.997096259013696,0.31855199708932536,21.602960398379558,0.12551371875167308
risk_only,low_risk,standard_process,60,0.0029037409863040217,0.2981830401346087,-20.6062355131687,-0.2930214698307763
