ao3_priority_segment,row_count,share_of_rows,avg_ao1_predicted_late_delivery_probability,avg_ao2_predicted_order_profit,avg_ao3_predicted_margin
expedite_selectively,52,0.0015086894710882874,0.8112713201687887,-14.641808715577309,-0.12700143337418418
preserve_service,20603,0.5977601764006151,0.31855199708932536,21.602960398379558,0.12551371875167308
protect_high_value_at_risk,13752,0.3989903385847332,0.8324602947089823,21.61366738959954,0.12554767718238763
requires_margin_review,0,0.0,,,
requires_score_review,0,0.0,,,
standard_process,60,0.0017407955435634085,0.2981830401346087,-20.6062355131687,-0.2930214698307763
